Id;Designator;Package;Quantity;Designation;Supplier and ref
1;G***;99_logo_mUCA_v1;1;LOGO;
2;G***;99_logo_LoRa;1;LOGO;
3;G***;99_logo_DS4H;1;LOGO;
4;J15,J13,J11;U.FL_Hirose_U.FL-R-SMT-1_Vertical;3;Conn_Coaxial;
5;J14;PinHeader_1x01_P2.54mm_Vertical;1;GND;
6;U9;Acc_MXC4005XC;1;Acc_MXC4005XC;
7;R24,R7;R_0402_1005Metric;2;R;
8;J8;JST_PH2.0;1;Conn_01x02;
9;R23,R22,R11,R10,R9;R_0402_1005Metric;5;220R;
10;D4,D2,D1;D_0603_1608Metric;3;LED;
11;D3;D_0603_1608Metric;1;PWR;
12;SW3,SW2,SW1;Button_TS3315A;3;SW_Push;
13;L33,L32,L31,L30,L29,L25,L23,L28,L24,L22,L21,L20,L18,L17,L10,L9,L6,L5,L1;L_0402_1005Metric;19;0R;
14;A4;Ant_GNSS_CP_Ceramic_Base;1;CP_Antenna_GNSS;
15;A2;Ant_LoRa_CP_Base;1;CP_Antenna;
16;J12;Ant_GNSS_IFA_Base;1;Conn_Coaxial;
17;U7,U4;PE42641;2;PE42641;
18;R21,R20,R19,R17;R_0402_1005Metric;4;1M;
19;C83,C80,C77,C70,C67,C66,C61,C60,C59,C58,C57,C52,C34,C33;C_0402_1005Metric;14;0R;
20;C82,C81,C78,C72,C64,C55,C54,C48,C46,C39,C38,C24,C21;C_0402_1005Metric;13;47pF;
21;C79,C68,C65,C63;C_0402_1005Metric;4;1nF*;
22;A3;Ant_2.4GHz_IFA_Base;1;Antenna_Port;
23;Y3,Y2;XO_32MHz;2;Crystal_GND2;
24;Y1;XO_32KHz;1;Crystal;
25;P1;SOT-23;1;MCP1812A;
26;L4,L2;L_0603_1608Metric;2;10uH;
27;JP4,JP3,JP2,JP1;SolderJumper-2_P1.3mm_Bridged_RoundedPad1.0x1.5mm;4;SolderJumper_2_Bridged;
28;J10;microSD_HC_Hirose_DM3D-SF;1;Micro_SD_Card;
29;J9,J4;header_1x02;2;Conn_01x02;
30;J6;SX1265;1;SX1265;
31;J5;header_1x04;1;Conn_01x04;
32;J3;JTAG_1x06;1;Conn_01x06;
33;J2;header_1x03;1;Conn_01x03;
34;FB1;L_0402_1005Metric;1;10R;
35;U8,U5;PE4259;2;PE4259;
36;U6;LNA_TSNP-6-2;1;BGA524N6;
37;U3;LGA-12_2x2mm_P0.5mm;1;LIS2DE12;
38;U2;Switch_SMD;1;Switch_3P;
39;U1;Bosch_LGA-8_2.5x2.5mm_P0.65mm_ClockwisePinNumbering;1;BME280;
40;R18,R16,R6,R5;R_0402_1005Metric;4;100R;
41;R15;R_0402_1005Metric;1;10R;
42;R14,R13,R12,R8,R2;R_0402_1005Metric;5;0R;
43;R4,R3;R_0402_1005Metric;2;4.7K;
44;R1;R_0402_1005Metric;1;10K;
45;L27,L26;L_0402_1005Metric;2;3.6nH;
46;L19;L_0402_1005Metric;1;L;
47;L16,L12;L_0402_1005Metric;2;8.2nH;
48;L15,L3;L_0402_1005Metric;2;47nH;
49;L14;L_0402_1005Metric;1;22nH;
50;L13;L_0402_1005Metric;1;3.3nH;
51;L11,L7;L_0402_1005Metric;2;9.4nH;
52;L8;L_0402_1005Metric;1;33nH;
53;J7;Micro_USB_Molex;1;USB_B_Micro;
54;J1;STM32WB_UFQFPN48_T1;1;STM32WB55CGUx;
55;C76,C69,C56,C51,C50,C41,C40;C_0402_1005Metric;7;1nF;
56;C75;C_0402_1005Metric;1;1.3pF;
57;C74;C_0402_1005Metric;1;1.6pF;
58;C73;C_0402_1005Metric;1;0.7pF;
59;C71;C_0402_1005Metric;1;33pF;
60;C62,C47,C27;C_0402_1005Metric;3;C;
61;C53,C42;C_0402_1005Metric;2;1.2pF;
62;C49,C35;C_0402_1005Metric;2;1.5pF;
63;C45;C_0402_1005Metric;1;6.8pF;
64;C44;C_0402_1005Metric;1;1.8pF;
65;C43,C36;C_0402_1005Metric;2;0.5pF;
66;C37;C_0402_1005Metric;1;12pF;
67;C32;C_0402_1005Metric;1;1pF;
68;C31,C30;C_0402_1005Metric;2;2.2uF;
69;C29,C17,C16,C1;C_0402_1005Metric;4;4.7uF;
70;C28,C26,C20,C15,C14,C13,C10,C8,C7,C6,C5,C2;C_0402_1005Metric;12;100nF;
71;C25;C_0402_1005Metric;1;470nF;
72;C23;C_0402_1005Metric;1;2.2nF;
73;C22,C4,C3;C_0402_1005Metric;3;10pF;
74;C19;C_0402_1005Metric;1;470pF;
75;C18;C_0402_1005Metric;1;10nF;
76;C12;C_0402_1005Metric;1;0;
77;C11;C_0402_1005Metric;1;0.8pF;
78;C9;C_0402_1005Metric;1;100pF;
